developer,Negative,Neutral,Positive
07th Expansion,1,1,0
"10th Art Studio,Adventure Productions",0,0,1
10tons Ltd,0,0,1
11 bit studios,27,5,21
14° East,1,0,1
16bit Nights,1,0,0
17-BIT,0,0,1
1C Company,1,0,1
1C-Avalon,0,0,2
1C-SoftClub,0,0,2
1C: Maddox Games,1,1,7
1C:InoCo,2,0,2
22cans,0,0,3
2D BOY,1,0,5
2DArray,0,0,1
2DEngine.com,0,0,1
"2K Australia,Gearbox Software,Aspyr (Mac and Linux)",9,6,48
"2K Australia,Gearbox Software,Aspyr (Mac,Linux)",3,0,0
"2K Boston,2K Australia",7,1,48
"2K Boston,2K Australia,Blind Squirrel,Feral Interactive (Mac)",1,0,5
"2K Czech,Feral Interactive (Mac)",2,4,21
2K Marin,2,0,10
"2K Marin,2K China,Digital Extremes,2K Australia,Feral Interactive (Mac)",3,0,10
2Play,0,0,7
2x2 Games,0,0,1
3 Sprockets,0,0,5
3000AD,1,0,0
"343 Industries,Vanguard Games",0,0,2
3909,11,5,49
3D Realms (Apogee Software),0,0,2
3f Interactive,0,0,2
4 I Lab,0,0,5
48h Studio,0,0,1
49 Games,0,1,0
4A Games,2,3,19
5 Bits Games,0,0,3
5 Lives Studios,0,0,1
5Wolf,4,4,2
5th Cell Media,3,3,26
773,0,0,1
777 Studios,1,0,2
8-Bit Studio,1,0,0
800 North and Digital Ranch,16,5,22
8888888 LABS,1,0,1
88mm,0,0,1
8monkey Labs,0,0,1
9heads Game Studios,6,0,7
@unepic_fran,1,0,3
ACE MADDOX,0,0,1
ACE Team,5,1,5
ACQUIRE Corp.,1,0,5
AGC,1,1,1
ALICE IN DISSONANCE,0,0,4
ALLPlayer Group Ltd.,0,1,0
AMPLITUDE Studios,6,5,29
Abbey Games,1,1,11
Above and Beyond Technologies,0,0,1
Abraham Carreola,0,1,0
Abrakam SA,0,0,2
Abstract Tree Studio,1,0,0
Abstraction Games,1,0,1
"Abstraction Games,WayForward",0,0,1
"Acceleroto, Inc.",0,0,1
Access Games,0,1,1
Acid Nerve,3,0,1
Actalogic,0,0,1
"Action Button Entertainment, LLC",0,1,0
Adam Foster,0,0,6
Aeon Dream Studios,0,0,1
Afterthought LLC,1,0,3
Airtight Games,3,1,7
Aivaras Klimas,0,0,1
Akakiy Petrushkin,0,0,1
"Akella,.dat",0,0,1
"AlPixel Games,Luis Diaz,Gustavo Santos,Albert Fernandez,Tice Thomason",0,0,5
Alan Edwardes,2,2,20
Alan Zucconi,0,0,1
Alawar,0,0,2
Alawar Entertainment,0,0,1
Aleksey Abramenko,1,0,2
Alexander Bruce,4,2,40
Alice &amp; Smith,0,0,1
Alien Sync Interactive,1,0,0
Alientrap,2,0,6
Allen Dayan,0,0,1
Almost Human Games,4,0,3
Alternative Software Ltd,0,0,1
Amanita Design,0,2,6
"Amaranth Games, LLC",1,0,0
Amaterasu Software,0,0,1
Anarchy Enterprises,1,0,1
Andrew Gilmour,2,0,0
"AndrewMD5,Codeusa",0,0,2
Andrii Vintsevych,6,0,7
Andy Wallace,0,0,1
Angry Mob Games,1,0,0
Animu Game,0,0,1
Anisoptera Games,2,0,3
Ankama Studio,0,0,4
Anothink,1,0,1
"Antanas Marcelionis,Renė Petrulienė",0,0,1
Antonio Renna,0,0,1
Anvate Games,1,0,0
Apeiron,0,0,1
Aperture Tag Team,1,0,8
Aquiris Game Studio,1,0,1
Arachnid Games,0,0,2
Aratog LLC,0,0,1
Arc System Works,0,0,7
"Arcen Games, LLC",0,1,6
Archive Entertainment,9,5,16
Arkane Studios,16,11,78
Arkavi Studios,0,0,1
Arkedo,0,0,1
Armature Studio,1,0,0
Arrowhead Game Studios,12,11,59
Artefacts Studio,0,0,1
Artefacts Studios,0,1,0
Artery Games,1,3,3
Artifex Mundi,1,1,1
Artifice Studio,1,1,2
Ascaron,1,0,1
Ascaron Entertainment ltd.,1,0,1
Ascension Entertainment LLC,0,0,3
Aspyr,0,0,2
Aspyr Studios,2,1,5
"Aspyr,Quantic Dream (original release)",1,0,0
Atapki,0,0,1
"Atari, Cubed Productions LLC",3,0,13
Atelier 801,2,3,13
Atom Republic,0,1,0
AtomicTorch Studio,0,0,1
Atum Software,0,0,1
Atypical Games,0,0,1
Aurelien Regard,0,0,1
Austin Handle,0,0,1
"Autobotika,Game Nation Inc",0,0,1
Avalanche Software,0,0,1
Avalanche Studios,48,44,197
"Avalanche Studios,Feral Interactive (Mac/Linux)",10,2,32
Avidly Wild Games,2,0,1
Awesome Games Studio,6,2,42
AwesomeBlade,0,0,1
Axis Game Factory,0,0,3
Axis Game Factory LLC,0,0,4
Axolot Games,1,2,11
Axyos Games,0,1,0
BANDAI NAMCO Studio Inc.,2,0,5
BRHP,0,0,1
BS1 &amp; BSL Team,1,0,0
BUGBEAR,0,0,2
Back To Basics Gaming,0,0,2
Bacon Wrapped Games,0,0,1
"BadFly Interactive, a.s.",2,0,2
Badland Studio,0,0,4
Baggy Cat Ltd,0,0,4
Baller Industries,0,0,1
Bankroll Studios,9,1,8
Bare Mettle Entertainment,1,0,0
Basaltic studio,0,0,2
"Bat Country Games, LLC",0,0,2
Batholith Entertainment,0,0,1
"Batterystaple Games,Fire Hose Games",0,0,2
BattleGoat Studios,0,0,3
Beam Team Games,17,6,37
BeamNG,2,1,6
Beamdog,2,0,4
BeautiFun Games,0,0,1
Bedlam Games,1,0,0
Behold Studios,2,0,3
"Ben 'Yahtzee' Croshaw,Collected Worlds",0,0,1
Ben Prunty Music,0,0,1
Benjamin Bryant,0,0,1
Benjamin Rivers Inc.,1,0,3
Best Gaem Studio,0,0,1
Best Way,1,0,2
BetaDwarf,2,0,1
Bethesda Game Studios,72,41,218
Biart Company LLC,0,0,1
Big Ant Studios,0,0,6
Big Corporation,0,3,6
Big Fat Alien,3,0,1
Big Fat Simulations Inc.,0,0,1
Big Finish Games,0,0,1
"Big Huge Games,38 Studios",2,1,13
Big Robot Ltd,4,1,11
BigAnt Studios,0,0,1
Binary Fortress Software,0,0,1
"Binary Zoo,The Game Creators",1,0,3
BioWare,4,2,45
BioWare Corporation,0,0,1
"BioWare,Aspyr (Mac)",3,7,15
BitFinity,0,0,1
"BitMonster, Inc.",2,0,8
Bitbox Ltd.,4,0,20
Bithell Games,4,3,17
"Bitl,Cobalt-57",1,0,0
Bizarre Creations,0,1,2
Black Death Apps Limited,0,0,1
Black Element,0,0,2
Black Eye Games,0,1,2
Black Forest Games,0,0,1
Black Isle Studios,2,1,4
Black Lion Studios,1,0,0
Black Pants Studio,1,0,6
Black Sea Studios Ltd,1,0,1
Black Shell Games,1,1,2
BlackSpot Entertainment,0,0,1
Blackbird Interactive,0,1,2
Blackfire Games,0,0,1
Blackhole,2,0,2
Blacklight Interactive,3,3,9
Blackpowder Games,0,0,1
BlankMediaGames,9,0,22
Blazing Griffin,0,1,1
Blender Foundation,1,1,6
Blendo Games,3,2,5
Blind Sky Studios,0,0,5
BlinkWorks Media,0,2,4
Blit Software,2,1,4
Bloober Team SA,2,1,3
Blooming Buds Studio,0,0,1
Blue Bottle Games,5,0,6
Blue Byte,5,0,5
"Blue Byte,Related Designs",0,0,1
Blue Isle Studios,4,2,5
Blue Mammoth Games,9,4,44
Blue Manchu,0,0,6
Blue Tea Games,0,0,1
BlueEagle Productions,0,1,0
BlueGiant Interactive,0,0,2
BlueLine Games,1,2,1
Bluebutton Games,0,0,7
Bluehole Ginno Games,0,0,2
"Bluehole, Inc.",6,5,26
Bob the Game Development Bot,1,0,1
Bohemia Interactive,230,105,590
Bombservice,1,0,0
Boneloaf,5,3,13
Bongfish GmbH,1,0,0
"Boolat Games,Alawar Entertainment",0,0,2
Boomzap Entertainment,0,0,1
Born Ready Games,0,0,1
Born Ready Games Ltd.,1,0,6
Boss Baddie,1,1,1
Bossa Studios,21,22,60
Brace Yourself Games,4,2,10
Brain Bombers,1,0,0
Brainbox Software,0,0,1
Brainchild,0,0,1
Brawsome,0,0,2
Breakfall,3,0,4
Brian Cronin,0,1,2
Brightrock Games,1,1,4
Brilliant Skies Ltd.,2,1,4
Broken Rules,2,0,1
Bromoco Games,0,0,1
Brytenwalda,0,0,2
Bugbear,4,2,20
Bugbear Entertainment,2,1,8
Bugbyte Ltd.,0,0,1
Bulbware,0,0,1
BumpkinBrothers,0,0,1
BurstRay Games,0,0,1
Burut CT,1,0,0
Butterscotch Shenanigans,0,0,4
Bytebin,1,0,3
C3SK,1,1,2
CAPCOM,0,0,1
"CAPCOM CO., LTD.",0,0,1
"CAPCOM Co., Ltd.",8,3,9
"CAVE Interactive CO.,LTD.",0,0,1
CCCP,0,0,2
CCP,4,2,8
CD PROJEKT RED,8,5,34
"CD PROJEKT RED,Can Explode",0,0,1
CI Games,2,0,4
"CI Games,Deck 13",3,0,5
"CINEMAX, s.r.o.",1,0,1
CM Softworks,0,0,1
"CRAZYDIAMOND CO., LTD.",0,0,3
CSR-Studios,1,0,5
Cabygon,0,1,0
Cadence Games,1,0,1
Cadenza Interactive,1,1,1
Camouflaj,0,0,1
Campo Santo,4,3,41
Camshaft Software,0,0,4
Capcom,20,8,47
Capcom Game Studio Vancouver,3,2,10
"Capcom U.S.A., Inc.",0,0,1
Capcom Vancouver,5,1,4
Cape Copenhagen,1,0,0
Capybara Games,0,0,1
"Capybara,Superbrothers,Jim Guthrie",0,0,2
Carbine Studios,0,0,7
Carbon Games,5,2,43
Cardboard Keep,0,0,1
Carlsen Games,2,0,4
Carmine T. Guida,0,1,2
Cat5Games,0,1,0
Cauldron,0,0,2
Cavedog Entertainment,1,0,4
Cellar Door Games,1,1,33
Celsius Game Studios,0,0,1
Centauri Production,1,0,1
"Chad Close,Kyle Weik",0,0,1
Chasing Carrots,1,0,0
Cherry Pop Games,2,1,5
Childish Things,1,0,1
Choice Provisions,0,0,1
Choice of Games,2,1,7
Chondrite Games,0,0,1
Chris Sawyer Productions,1,0,3
Chucklefish,27,21,236
Cipher Prime Studios,0,1,1
"Circle Five Studios,Pub Games",2,1,3
City Interactive,3,2,8
CivilSavages,1,0,0
Clapfoot,0,0,1
Clever Endeavour Games,0,0,2
ClickGames,1,0,0
Clickteam,0,0,3
Cliffhanger Productions,1,0,0
"Cliffhanger Productions,Catalyst Games Lab",0,0,1
Climax Studios,1,0,3
ClockStone,0,1,2
Cloud 9 Studio,0,0,1
"Cloudcade, Inc.",0,0,1
CoaguCo Industries,0,0,1
Cobra Mobile,0,0,2
Cockroach Inc.,0,0,1
Cococucumber,1,0,1
Code Club AB,1,0,1
CodeBrush Games,6,3,16
Codemasters,2,0,2
Codemasters Action Studio,1,0,0
Codemasters Birmingham,0,0,1
Codemasters Digital,0,0,1
"Codemasters Racing,Feral Interactive (Mac)",1,2,13
"Codemasters Racing,Feral Interactive (Mac),Feral Interactive (Linux)",1,0,5
Codemasters Studios,2,0,2
"Codemasters,Feral Interactive (Linux)",1,0,3
"Codemasters,Feral Interactive (Mac)",0,0,2
Codename Entertainment Inc.,0,0,2
Code}{atch,14,6,31
Coffee Stain Studios,49,46,180
Cold Beam Games,3,2,10
Colibri Games,0,0,2
Colonthree Enterprises,1,0,0
Colossal Order Ltd.,11,7,53
"Comcept,Inti Creates",1,0,0
ComiPo! LLP,0,0,1
Compulsion Games,1,0,6
ConcernedApe,9,11,49
Convoy Games,0,0,1
Core Design,1,0,3
Coredumping,0,0,3
"Coreplay GmbH,Bigmoon Studios",1,0,1
Corrosive Studios LLC,0,0,1
Cosmic Cow LLC,4,0,2
Counterplay Games Inc.,0,1,4
Crackshell,2,2,6
Crankshaft Games,1,0,0
Crate Entertainment,1,1,10
Crazy Moo Games,0,3,1
Crazy Viking Studios,1,1,2
"CreSpirit,GemaYue",0,0,2
Creability,2,1,9
Creat Studio,0,0,1
Creative Assembly,27,3,70
"Creative Assembly, PC Port - Hardlight",2,1,1
"Creative Assembly,Feral Interactive (Linux),Feral Interactive (Mac)",10,2,20
"Creative Assembly,Feral Interactive (Mac),Feral Interactive (Linux)",8,5,31
CreativeForge Games,1,0,2
Creepy Cute,0,0,1
"Crescent Moon Games,Cinopt Studios",0,0,2
Crian Soft,1,0,0
Criterion Games,6,0,34
Critical Studio,1,0,4
Croteam,3,1,20
"Croteam,Alligator Pit",0,1,1
Crowbar Collective,1,1,17
Crows Crows Crows,3,3,14
Cryptic Sea,0,0,1
Cryptic Studios,7,7,53
Crystal Dynamics,1,1,2
"Crystal Dynamics,Feral Interactive (Mac)",0,0,1
"Crystal Dynamics,Feral Interactive (Mac),Feral Interactive (Linux)",12,11,107
Crystal Shard,0,0,1
Crytek,34,5,51
Crytek Studios,2,0,9
"Curve Digital,FuturLab",0,0,1
Curve Studios,1,0,1
Cyan Worlds,0,0,1
Cyanide,1,0,1
Cyanide Montreal,1,0,1
Cyanide Studio,0,0,6
Cyanide Studio - Spiders Studios,0,0,1
Cyanide Studios,5,3,1
CyberConnect2 Co. Ltd.,5,2,20
"CyberConnect2 Co., Ltd.",1,0,7
Cyberdreams,0,0,1
Cyberlore,0,0,1
Cybertime System,0,2,4
D-Pad Studio,0,0,4
DEADFACTORY,1,0,0
DEVGRU-P,0,0,3
DICE,20,10,68
DIMPS,3,1,21
DL Softworks,1,0,5
DONTNOD Entertainment,1,0,10
"DONTNOD Entertainment,Feral Interactive (Mac),Feral Interactive (Linux)",18,9,120
DR Studios,3,0,1
Daedalic Entertainment,2,1,9
Dambuster Studios,0,0,1
"Damian Sommer,Emily Carroll",0,1,2
"Dan  Walters,Ceri Williams",1,0,2
Dan Fornace,3,2,7
Dan Walters,0,0,1
Dancing Dragon Games,1,0,1
Daniel Davies,0,0,4
Daniel Jonathan Bourke,1,0,2
Daniel Mullins Games,2,0,7
"Daniel Snd,Thiago Adamo",1,0,0
Darius Bode,0,1,0
Dark Amber Softworks,1,0,0
Dark Day Interactive,1,0,1
Dark Energy Digital Ltd.,2,0,2
DarkElite,0,0,2
Darklight Games,0,0,1
Data Realms,4,0,7
David Mulder,0,0,1
David OReilly,2,5,25
David Stark,1,0,2
David Szymanski,1,0,5
David Williamson,0,0,1
Dawid Bujak,0,0,1
Day 1 Studios,4,0,5
Daybreak Game Company,46,34,251
Days of Wonder,0,0,1
DeXP,0,0,1
Dead Mage,1,0,0
Dead Shark Triplepunch,1,0,5
Decent Machine,1,0,1
Deck13,0,0,1
Deck13 Hamburg,0,0,2
Deconstructeam,2,0,1
Deep Red Limited,0,0,3
Deep Silver Volition,19,9,113
"Deep Silver Volition,High Voltage Software",5,1,10
Deepred,0,0,1
Defence Alliance Team,0,0,3
Defiant Development,0,0,8
Deion Mobile,0,1,0
"Dejobaan Games, LLC",0,0,7
Dekovir Entertainment,1,1,2
Demiurge Studios,1,0,6
Dennaton Games,38,19,79
Denver Productions,0,0,1
Desert Owl Games LLC,0,1,0
Destructive Creations,0,1,2
Devespresso Games,0,0,1
Devil's Details,4,1,9
Dharker Studio,0,0,2
DiezelPower,1,1,2
Digerati Distribution,2,0,4
DiggerWorld Ltd.,0,0,3
Digital Arrow,0,0,1
Digital Confectioners,6,3,33
Digital Dawn Studios,1,0,1
Digital Extremes,50,35,350
Digital Furnace Games,0,1,0
Digital Happiness,0,0,1
Digital Leisure Inc.,3,2,0
Digital Melody,0,0,3
Digital Tentacle,0,0,1
Digitalmindsoft,7,4,19
Diminished Studios,1,0,1
Dimmdrive Inc.,0,0,1
Dingaling,2,1,6
Dingo Games,0,0,3
Dinosaur Polo Club,1,1,12
Dischan Media,0,0,4
Disney Interactive,0,0,1
DnS Development,2,0,0
Doctor Entertainment AB,3,1,17
Dodge Roll,2,1,6
Dogenzaka Lab,0,1,0
DolphinBarn,0,0,1
Dominique Grieshofer,0,0,8
Doomster Entertainment,0,0,1
DotEmu,0,0,4
Double Action Factory,8,9,20
Double Damage Games,0,1,3
"Double Eleven,Q-Games Ltd.",0,0,1
Double Fine Productions,6,8,54
Double Helix Games,0,0,1
"Double Helix Games,Capcom",0,0,1
"Double Helix Games,Rainbow Studios,THQ Nordic",1,0,7
DoubleBear Productions,1,0,2
DoubleDutch Games,6,2,49
Doublesix Games,0,0,1
Dovetail Games,2,5,22
Dragonfly,5,1,19
Dreadbit,0,0,1
Dream Reactor,0,0,1
Dreampainters,0,0,1
DrinkBox Studios,0,1,9
Drixy Games,0,0,1
Dry Cactus,0,0,3
Ductape studio,2,1,0
Duelboot,0,0,1
Dylan Fitterer,5,2,38
EA - Maxis,1,0,2
"EA - Maxis,Aspyr (Mac)",1,1,3
EA Black Box,0,0,1
EA Los Angeles,2,2,18
EA Redwood Shores,5,1,8
ESTsoft Corp.,0,1,0
EVGA,0,0,1
EXE-CREATE,0,0,1
Eagle Dynamics SA,0,0,1
EasyAntiCheat Ltd,0,0,3
EasyGameStation,1,0,11
Eat Create Sleep,2,1,2
Ed Key and David Kanaga,2,2,5
Edelweiss,1,0,1
"Eden Games,Hydravision Entertainment",0,1,0
Eden Industries,0,0,2
Eden Studios,0,0,5
Edge Case Games Ltd.,6,4,18
Edge of Reality,51,24,180
Edmund McMillen and Florian Himsl,29,7,114
"Edmund McMillen, Florian Himsl",0,1,3
"Edmund McMillen,James Id",0,0,1
"Edmund McMillen,Tyler Glaiel",0,0,1
Eforb,2,0,5
Egamea Game Studios,0,1,1
Eggcode,0,0,4
Eggtooth Team,1,0,0
Egosoft,11,0,5
Eidos Interactive,1,0,0
"Eidos Montreal,Feral Interactive (Linux),Feral Interactive (Mac)",2,1,11
"Eidos Montreal,Feral Interactive (Mac)",4,2,18
Eidos Studio Hungary,1,2,1
"Eidos-Montréal,Feral Interactive (Mac)",7,2,12
EightyEightGames,2,1,3
Eko Software,2,1,21
Ekuator Games,0,0,1
ElagoTech,0,1,0
Elder Games,0,0,1
Elecorn,1,0,9
Electronic Arts,3,0,4
Eleon Game Studios,2,0,5
"Elias Viglione,Jussi Kukkonen",2,1,12
Elijah Newman-Gomez,2,2,10
Elite Games Team,0,0,1
Elixir Studios,1,0,2
Elliptic Games,0,0,3
Emmanuel Salva Cruz,0,0,1
Empires,0,0,2
Empty Clip Studios,0,1,1
Endgame Studios,0,0,1
Endless Loop Studios,0,0,2
Endlessfluff Games,1,0,1
Endnight Games Ltd,37,13,123
Ensemble Studios,4,3,27
Entheogen Studios LLC,1,0,0
Entity Medialab,0,0,1
Entrada Interactive LLC,6,0,9
"Epic Games, Inc.",0,0,9
Epiphany Games,0,0,1
Eren Aydın,1,0,0
"Eric Chahi,DotEmu",0,0,1
"Eric Hartman,Ben Garney,Anthony Rotondo",4,3,6
Eric Provan - Ayyo Games,1,0,0
Erik Asmussen,2,0,6
Ethrea Dreams,0,0,1
Eugen Systems,9,5,22
Eurocom,0,0,1
Everything Unlimited Ltd.,7,9,26
Evgenii Gubanov,0,0,1
"Evgeny Shcherbakov,Denis Ovsyannikov",0,0,1
Evil Tortilla Games,6,4,6
Evil Twin Artworks,1,0,1
ExDream GmbH,0,0,2
Exato Game Studios,0,0,1
Exato Games Studio,1,0,3
Excalibur,0,0,1
Exe Games Inc.,3,4,6
Exor Studios,1,1,0
"Expansive Worlds,Avalanche Studios",23,9,42
Extend Studio,0,0,2
Extrokold Games,1,0,0
Eyebrow Interactive,0,0,2
Eyedentity Games Inc.,1,2,14
Eyemobi Ltd.,0,0,2
Eyzi,6,4,5
FIVE-BN GAMES,0,1,1
"FIX Korea, Co.LTD,FIX Games, Co. LTD",17,8,54
FOAM Entertainment,0,0,1
FRENCH-BREAD,0,0,1
Fabio Ferrara,5,1,3
"Fabio Ferrara,Davide Caio,Nicolò Azzolini,Antonio Carcagnì,Luigi Di Guida,Tommaso Vita",14,2,17
"Fabio Ferrara,Giulia Airoldi",1,1,2
Facepunch Studios,296,224,1321
Failbetter Games,2,0,4
Fallen Snow Studios,0,0,1
"Fancy Bytes, Reactor",0,0,1
Fancy Fish Games,1,0,0
FarSight Studios,0,1,2
Farsky Interactive,1,1,6
Fatshark,7,4,18
Fayju,0,1,1
Fermenter Games,0,0,1
Fervent,0,0,1
Fictiorama Studios,0,0,1
Fiddlesticks Games,0,0,1
"Filip Victor,Valve",0,0,2
Final Boss Entertainment,0,0,1
Final Form Games,0,0,3
"Finji,Kittehface Software",0,0,1
Firaxis Games,5,0,12
"Firaxis Games,Aspyr (Mac, Linux)",46,33,233
"Firaxis Games,Feral Interactive (Mac)",0,0,1
"Firaxis Games,Feral Interactive (Mac),Feral Interactive (Linux)",19,6,71
"Firaxis,Feral Interactive (Mac and Linux)",1,0,2
"Firaxis,Feral Interactive (Mac),Feral Interactive (Linux)",9,2,23
FireFly Studios,12,2,21
Firebase Industries Ltd.,0,0,1
Firemint,0,0,1
Fireproof Games,0,0,2
Fishing Cactus,0,0,1
Fishing Planet LLC,1,1,5
Fishlabs Entertainment GmbH,1,0,1
Fistful of Frags Team,13,28,63
Fixpoint Productions Ltd.,0,0,2
"Flashback Games,The Lordz Games Studio",0,0,1
Flox Studios Ltd.,0,0,1
FlyAnvil,0,0,2
Flying Cafe for Semianimals,0,0,1
Flying Helmet Games,1,0,0
Flying Wild Hog,13,3,24
Flyleap Studios,0,1,1
Flyleap Studios Pty. Ltd.,0,0,3
Focus Home Interactive,0,0,3
Forbes Consult Ltd,0,0,1
Force Of Habit,0,0,1
Forever Entertainment S. A.,3,3,4
"Fortress Forever Development Team,Trepid Studios",2,0,0
Four Quarters,1,0,2
FourbitFriday,1,0,0
Fractal Phase,1,0,0
FreakZone Games,3,0,2
Freakinware Limited,1,1,0
Freakinware Studios,5,1,10
Fred Wood,0,0,1
"Free Games Info,hyperboreanGames",0,0,1
Free Lives,11,19,55
Free Reign Entertainment,7,1,11
Freebird Games,8,4,38
Freegamer,1,1,0
Freejam,58,22,191
FreezeNova,0,0,1
Fresh3D,0,0,1
Frictional Games,24,4,23
Frima Studio,0,0,1
Frogames,0,1,4
Frogdice,1,0,1
Frogshark,0,0,1
Frogsong Studios AB,0,0,1
Frogwares,2,1,8
FromSoftware,51,8,64
"FromSoftware, Inc",29,10,52
"FromSoftware, Inc.",16,6,25
Frontier Developments,0,0,1
"Frontier,Aspyr (Mac)",1,1,5
Frontwing,0,1,2
Frozenbyte,2,1,31
Fugazo,0,0,1
Full Control,1,0,1
Full Control Studios,0,0,4
Fullbright,4,2,34
Fun Sponge Games,0,0,1
Funcom,4,1,5
"Funselektor Labs Inc.,FlippFly",0,1,4
Furiously Inactive Games,0,0,1
Futuremark,0,0,4
G-TraX,0,1,0
G2CREW,1,0,1
"GAME ARTS Co., Ltd.,SkyBox Labs",0,0,1
GDT Limited,0,0,1
GNISoft,0,0,1
GSC Game World,3,1,18
GTGD,0,0,1
GabberGames.com,0,0,1
Gaijin Entertainment,0,0,3
Gaijin Entertainment Corporation,1,0,3
Gaijin Games,6,3,23
Galactic Cafe,7,10,67
GalaxyTrail,0,0,10
Gambrinous,0,0,1
Game Dev Castle,0,0,3
Game Distillery s.r.o.,0,0,1
Game Mechanics,2,0,1
Game in a Bottle,0,0,3
Game-Labs,0,0,4
GameArt Studio GmbH,0,0,2
"GameConnect,InterWave Studios",2,1,3
GameCrafterTeam,1,0,0
GameORE,1,0,3
GamePrix,1,0,1
GameUS Inc,1,0,0
GameUS Inc.,1,0,1
"Gamebryo,Virtual Playground",0,0,1
Gameguyz,0,1,0
Gamepires,0,0,3
"Games by Robert, LLC",0,0,1
Gaming Minds,0,0,1
Gaming Minds Studios,0,0,1
Gamious,0,0,1
Ganz,2,1,3
Gas Powered Games,3,1,30
"Gaslamp Games, Inc.",3,0,4
Gatling Goat Studios,0,0,1
Gearbox Software,10,8,53
"Gearbox Software,Aspyr (Mac &amp; Linux)",50,33,339
"Gearbox Software,Aspyr (Mac)",2,1,6
Geek Sloth Games,0,0,1
General Arcade,0,1,1
Genetix Studio,0,0,1
Geniaware Srl,1,0,0
"Geoff ""Zag"" Keene",0,0,1
Geoff Keighley,0,0,3
Ghost Town Games Ltd.,1,0,1
GhostShark,2,1,7
Giant Army,1,1,5
Giant Squid,1,0,3
Giants Software,3,3,19
Ginger Labs LLC,0,0,1
Gl33k,0,1,2
Glass Knuckle Games,0,0,2
GlyphX Games,0,0,1
Going Loud Studios,0,2,20
Goldhawk Interactive,0,0,2
GolemLabs,0,0,1
Gone North Games,0,2,12
Good Games,0,0,1
Gravity Interactive,2,0,4
"Gravity, Inc.",3,0,2
"Gravvit Ltd,Forbes  Consult Ltd",0,0,1
Gray Matter Studios,0,0,2
Great War Team,0,1,3
Green Lava Studios,0,0,5
Greenheart Games,6,6,64
Gremlin Interactive,0,0,2
Grey Alien Games,0,0,1
Grey Havens,11,11,74
Grip Games,2,0,3
"Gromada,Buka Entertainment",0,0,1
Grynsoft,0,1,4
"Gunfire Games,Vigil Games,THQ Nordic",0,0,1
Guru Games,1,0,0
"HANBITSOFT, INC.,IMC GAMES CO.,LTD.",0,0,1
HE SAW,0,0,1
Haemimont Games,1,1,43
"Haemimont Games,Feral Interactive (Mac)",0,1,0
Halfbus,0,0,2
Halissoni,0,1,0
Halycon Media GmbH &amp; Co. KG,0,0,1
Hammer Labs,0,0,2
Hammerfall Publishing,1,0,4
Hanako Games,7,0,7
HandMade Game,1,0,0
Handyman Studios,0,1,9
Hardsuit Labs,16,13,85
Harebrained Schemes,4,0,12
Harvester Games,0,0,2
"Hassey Enterprises, Inc.",1,0,2
HeR Interactive,0,1,0
Headup Games / Crenetic,2,0,0
Headup Games / Radon Labs,0,1,1
Heart Machine,3,1,3
Heartbit Interactive,0,0,1
Hellbent Games,1,0,1
Hello Games,60,14,87
Hello There AB,1,2,6
Hemisphere Games,0,1,0
"Henrique Pegacha,Rafael Lima,Nuno Guerreiro",1,0,0
Hesketh Studios,1,0,3
Hexage,0,0,2
Heydeck Games,1,0,1
Hi-Rez Studios,10,18,83
Hidden Path Entertainment,1,0,5
High Impact Games,0,0,1
Hinterland Studio Inc.,5,4,27
Hippomancer,0,0,1
Hitbox Team,0,1,4
Hitcents,1,0,3
Holotech Studios,3,1,7
Holy Priest,4,0,11
"Holy Warp,Black Wing Foundation",1,0,0
Hoobalugalar_X,5,0,16
"Hopoo Games, LLC",11,16,72
Hosted Games,0,0,3
Hostel Games,0,0,2
Hothead Games,2,0,2
House On Fire,0,0,1
House of Tales,0,0,1
Housemarque,0,0,1
Humble Hearts LLC,2,3,29
Humongous Entertainment,1,2,10
HuniePot,6,6,28
Hunted Cow Studios,0,0,4
Hydravision Entertainment,1,0,2
Hyper Hippo Games,10,19,72
HyperSloth,2,1,0
Hypercane Studios,1,0,0
Hörberg Productions,0,0,3
I Fight Bears,0,0,2
ICE Entertainment,2,0,7
"IDEA FACTORY Co., Ltd.,COMPILE HEART Co., Ltd.,FELISTELLA Co., Ltd.",1,3,20
IDHAS Studios,0,0,1
IF Studios,1,0,0
"IMCGAMES Co.,Ltd.",5,3,8
IMGN.PRO,1,0,0
IO Entertainment,0,0,1
IO Interactive,3,1,4
"IO Interactive A/S,Feral Interactive (Linux),Feral Interactive (Mac)",3,1,13
IPACS,0,1,0
Ian Campbell,2,0,6
Ice Water Games,2,4,9
Ice-Pick Lodge,1,0,3
"Ice-Pick Lodge,General Arcade",1,0,0
Icetesy SPRL,0,0,8
Idea Factory,1,0,7
"Idea Factory,Compile Heart",0,2,3
"Idea Factory,Compile Heart,Felistella",0,2,6
"Idea Factory,Compile Heart,Sting",1,0,0
"Idea Factory,Compile Heart,Tamsoft",0,0,2
"Idea Factory,Design Factory",0,0,1
Idigicon,1,0,2
Idol FX,0,1,1
Igry.ru,0,0,1
"Iguana Entertainment,Nightdive Studios",1,0,1
IllFonic,0,0,1
Illwinter Game Design,0,0,1
Imaekgames [Imaek Limited],0,0,1
Image &amp; Form,0,0,3
Immersive Douro,0,1,0
Incandescent Games,0,0,1
Inferno Games,0,0,1
Infinite Interactive,1,0,2
Infinite Monkeys Entertainment Ltd.,0,0,1
Infinity Plus 2,0,0,2
Infinity Ward,28,4,44
"Infinity Ward,Aspyr (Mac)",17,13,56
Ink Stains Games,0,0,1
Innocent Grey,0,0,1
Ino-Co,0,0,1
Ino-Co Plus,0,1,2
Instant Kingdom,1,0,1
Insurgency Development Team,1,0,1
InterAction studios,0,1,1
Interceptor Entertainment,0,0,6
Interdimensional Games Inc,0,2,1
Interplay Inc.,3,0,4
Introversion Software,29,6,71
Invent4 Entertainment,27,14,47
InvertMouse,3,0,9
"Invictus-Games LLC.,ImageCode LLC.",0,0,1
Io-Interactive A/S,5,6,6
"Io-Interactive A/S,Feral Interactive (Linux),Feral Interactive (Mac)",0,0,1
"Io-Interactive A/S,Feral Interactive (Mac)",10,3,42
Ion Storm,3,5,13
IonFX,0,0,1
IonFx,0,0,1
Iridium Studios,0,0,6
"Iron Galaxy Studios, LLC",0,3,3
Iron Tower Studio,1,0,1
"Ironclad Games,Stardock Entertainment",3,2,18
Ironhide Game Studio,1,0,14
Ironsun Studios,0,0,1
Irrational Games,0,0,1
"Irrational Games,Aspyr (Mac),Virtual Programming (Linux)",21,25,176
"Irrational Games,Looking Glass Studios",3,0,4
Italic Pig,0,0,1
Ivan Zanotti's MyMadness Works,0,0,3
Ivory Tower in collaboration with Ubisoft Reflections,3,2,7
JCKSLAP,1,0,0
JDM4iK,1,2,11
JE Software,0,1,0
JForce Games,4,0,8
JIW-Games,2,0,2
"Jackbox Games, Inc.",1,0,4
Jagex,0,0,1
Jagex Limited,24,10,74
"Jagex,Artplant",12,2,23
Jarhead Games,1,0,0
Jason Oda,0,0,1
Jason Rohrer,0,1,1
Jasper Byrne,1,0,1
JetCat Games,0,1,1
"Jetdogs Studios,Zoom Out Games",2,0,2
Jimbob Games,1,0,0
JoWooD Vienna,1,0,0
Johannes Eski,0,2,4
John Cullen,0,0,1
John Szymanski,0,1,0
John Wizard,0,0,1
Jon Gallant,0,0,2
Jon Sudbury Games,0,0,1
Jonathan Wood,0,0,3
Josh Koenig (Slashandz),0,0,1
Joshua Neurnberger,0,0,1
Joycity,2,3,7
Juicy Beast Studio,0,0,1
Jujubee S.A.,0,0,1
JumpCore Productions,0,0,2
"JumpStart Games, Inc.",5,2,2
"Jundroo, LLC",1,1,6
"Jurlo,JetPackGone",1,0,1
"Just Add Water (Developments), Ltd.",1,1,2
K Bros Games,0,0,1
KADOKAWA,0,0,7
KADOKAWA GAMES / GRASSHOPPER MANUFACTURE,0,0,5
"KADOKAWA,Yoji Ojima",0,0,2
KHB-Soft,0,0,1
KING Art,0,0,1
KITATUS STUDIOS,2,0,0
KIXEYE,1,0,0
"KOEI TECMO GAMES CO., LTD.",10,0,7
KOG,5,2,14
Kalypso Media Digital,1,0,0
Kaos Studios,0,0,1
"Kaos Studios,Digital Extremes",1,0,5
Katapult,1,0,0
Katauri,1,1,3
Katauri Interactive,0,0,1
Keen Games,2,0,3
Keen Software House,3,1,10
Keinart Lobre,0,0,1
Kerberos Productions,0,0,1
Kerberos Productions Inc.,0,0,3
Kew McParlane,0,1,0
Key17 Games,0,0,1
Kheops Studio,0,0,1
Kiddy,1,0,0
KillHouse Games,2,0,6
Killmonday Games AB,0,0,2
Kinelco &amp; Lone Elk Creative,0,1,4
KintoGames,2,0,2
Kitfox Games,0,0,2
Kittehface Software,1,0,0
Klace,1,0,0
Klei Entertainment,24,8,100
"Klei Entertainment,Capybara Games",2,0,6
Kloonigames,0,1,1
Knuckle Cracker,1,0,2
"Koboldgames,Daedalic Entertainment",0,0,1
Koga Tech Limited,0,0,3
Kojima Productions,1,0,16
Konami Digital Entertainment,14,8,30
Konsordo,1,0,3
Konstantin Koshutin,1,0,2
Krillbite Studio,6,7,45
Krome Studios,1,0,3
Kronosaur Productions,0,0,1
Kudosoft,0,0,3
Kukouri,1,0,1
Kumobius,1,0,1
Kuno Interactive,1,0,0
Kyle Seeley,35,28,78
Kylotonn Entertainment,0,0,1
Kylotonn Racing Games,1,0,0
LDC Studios,0,0,1
LUCKY GIRLS LIMITED,0,0,1
LWNA,0,0,3
Lab Zero Games,8,8,34
Labyrinthine,0,0,1
Lag Studios,7,4,9
"Lamina Studios,Mike Studios",0,0,2
Laminar Research,0,0,3
Landfall,1,0,4
Landon Podbielski,3,2,9
Lapovich,1,0,0
Larian Studios,3,3,10
"Laser Guided Games, LLC",0,0,1
Last Day of Work,0,0,1
Last Dimension,0,0,1
Last Limb LLC,0,0,1
Lavaboots Studios,0,0,2
Lazy 8 Studios,0,0,2
Lazy Bear Games,0,0,3
Lazy Bum Games,0,0,1
Lazy Monday Games,0,0,3
League of Geeks,1,0,6
Legend Studio,0,0,1
Lemondo Entertainment,1,0,0
Lemonsucker Games,0,0,1
Lesley Dodd,0,1,1
Lesta Studio,2,0,0
"Level Up Labs, LLC",0,0,3
Liar-soft,0,0,1
Lightbulb Crew,0,0,1
Lighthouse Games Studio,0,0,2
Lightmare Studio,0,0,1
Lightmare Studios,1,0,5
Limasse Five,0,0,1
Limbic Entertainment,3,0,1
Lino Slahuschek,0,1,13
"Lion Game Lion,OVERKILL - a Starbreeze Studio.",0,2,8
Lion's Shade,0,0,3
Lionhead Studios,3,3,17
Lionheart Creations,0,0,1
Little Big Lee,0,0,1
Little Freedom Factory,0,1,0
Little Green Men Games,1,1,4
Locomotivah,0,0,2
Logic Artists,0,0,1
Lonely Troops,0,0,3
Looking Glass Studios,0,2,5
Lord Kres,2,0,4
Loren Lemcke,0,0,1
Lost Decade Games,0,0,1
Love Conquers All Games,1,0,5
LuGus Studios,0,0,4
LucasArts,3,3,20
"LucasArts,Aspyr Studios",4,2,2
Lucasfim,0,0,1
"Lucid Games,Aspyr (Mac &amp; Linux)",1,0,1
Ludeon Studios,1,0,11
Ludosity,1,0,2
"Ludosity,Remar Games",2,0,1
Luke Cripps,0,0,2
Lukewarm Media,5,0,17
Lunar Giant,0,0,1
"M2 Co.,LTD",1,0,1
"M2H,Blackmill Games",21,4,58
MAGES. Inc.,1,0,2
MAGIX Software GmbH,0,0,1
MEGAFUZZ,0,0,1
MOONSTONE,0,0,1
MR-Software GbR,2,0,5
MURA Interactive,1,0,2
Machine 22,0,0,1
Machine Games,9,4,31
MachineGames,0,0,8
MachineSpirit,0,0,1
"Maciej Targoni,Wojciech Wasiak",3,1,9
Mad Otter Games,2,2,5
Madruga Works,1,0,5
Magic Notion,0,0,1
MagicalTimeBean,0,0,1
Malfador Machinations,0,0,2
Mana Games,0,0,1
Manic Game Studios,1,0,1
"Manuel Pazos,Daniel Celemín",0,0,1
Marie Ronnaux Games,1,0,0
"Mario von Rickenbach,Michael Frei",1,3,8
Martin Ivanov,1,0,2
"Marvelous, Inc.",0,0,1
Marxnet,0,0,2
"Masangsoft, Inc.",7,2,22
Maschinen-Mensch,0,1,0
"Massive Damage, Inc.",0,0,1
Massive Entertainment,11,5,18
Masthead Studios Ltd,4,0,1
"Matt Kap,Nicalis, Inc.",1,0,0
Matt Roszak,1,0,6
Matt Thorson,0,1,2
Matthew Brown,3,0,9
Matthew C Cohen,0,0,1
Maxime Vézina,0,0,3
Maxis™,1,5,25
Mechanist Games,2,0,2
"Mediatonic,Hato Moa,The Irregular Corporation",3,0,7
"Mediatonic,The Irregular Corporation",0,0,1
Megadev,0,0,5
Memetic Games,1,0,1
MercurySteam,0,0,2
MercurySteam - Climax Studios,0,0,1
Meridian4,2,0,4
Messhof,4,3,18
Metanet Software Inc.,0,1,0
Meteoric Games,0,0,1
Michael Flynn,0,0,1
Michael Todd Games,3,1,10
"Michael Todd Games,Yazar Media Group LLC",0,0,1
Michael Zahniser,1,0,5
Michaela Laws,1,0,4
"MicroProse Software, Inc",3,0,4
Microblast Games,7,3,12
Microsoft Game Studios,2,2,10
"MidBoss, LLC.",0,0,1
"Midgar Studio,Fusty Game",0,0,2
Might and Delight,3,1,11
Mighty Rabbit Studios,0,0,3
"Mighty Rabbit Studios,Gun Media",0,0,1
"Mighty Rabbit Studios,Gun.",0,0,3
Mighty Rocket Studio,0,0,1
Mihai Morosanu,0,0,1
"Milan Kazarka,Jeroen van Oosten",0,0,3
Milestone S.r.l.,1,0,6
Milkstone Studios,2,2,7
Mimimi Productions,0,0,2
MinMax Games Ltd.,0,0,5
Mindstorm Studios,0,0,1
"Mine Loader Software Co., Ltd.",2,1,12
MiniBoss,1,0,5
Minor Key Games,2,0,18
Minority Media Inc.,0,0,2
Minskworks,0,0,2
Mint Age Studios,1,1,3
Mirillis,0,0,2
Mirko Seithe,0,0,1
Misfits Attic,0,0,1
"Mithis Games,THQ Nordic",0,0,1
Mixamo,0,0,3
MoaCube,1,0,0
MobileBits,0,0,1
Mode 7,1,1,6
Modern Dream,2,0,5
MoeNovel,0,1,3
Mohawk Games,0,0,4
Mokus,0,0,1
Moment Studio,1,0,0
Mommy's Best Games,1,0,1
Monkeys Tales Studio,0,0,1
"Monochrome, Inc",11,3,29
Monolith,2,0,1
Monolith Productions,1,0,1
"Monolith Productions, Inc.",3,5,46
"Monolith Productions, Inc.,Feral Interactive (Mac),Feral Interactive (Linux)",0,1,5
"Monolith Productions, Inc.,Timegate",1,0,3
"Monolith Productions,Feral Interactive (Mac),Feral Interactive (Linux)",19,5,66
Monomi Park,2,0,18
Moon Studios GmbH,4,1,28
Moonlite Software,0,0,1
Moppin,0,0,4
Mossmouth,5,2,14
Mouldy Toof Studios,5,7,24
Mountain Sheep,0,0,1
MovingBlocks,2,0,0
Mr. Blue,0,0,4
MuHa Games,0,0,1
Murudai,0,0,5
Muse Games,10,2,56
Muzzy Lane Software,0,0,2
Myrtilus Entertainment,0,0,1
Mystic Games,1,0,0
N3V Games,0,0,4
NAMCO,0,0,3
NAMCO BANDAI Games,1,0,1
NEXON Korea Corp.,4,0,4
NGD Studios,1,0,3
NIGORO,1,0,1
NIKITA ONLINE,0,0,2
Nabi Studios,16,10,44
Nacho Games,1,0,0
Nadeo,4,2,21
Nate Schmold,0,0,2
Nauris Amatnieks,0,0,1
Ndemic Creations,12,3,26
Necrophone Games,2,0,16
Nekki GmbH,0,0,2
Neko Entertainment,0,0,1
Nemesys Games,1,0,0
NeoCoreGames,1,0,1
Neoclassic Games,0,0,1
NeocoreGames,1,1,1
Neople,0,0,1
Nerd Kingdom Inc.,0,0,1
Nerial,0,0,2
Net Games Laboratory,1,1,2
Netcore Games,1,1,3
NetherRealm Studios,1,0,0
"NetherRealm Studios,High Voltage Software",19,7,35
Netmarble Games,0,0,1
Never Don't Play,0,0,1
Neversoft,0,0,1
New World Interactive,34,13,125
Nexon,25,10,59
"Nicalis, Inc.",26,12,88
"Nicalis, Inc.,Edmund McMillen",4,4,11
Nickervision Studios,0,0,6
Nicolas Bernard,0,0,2
Niffler Ltd.,1,0,0
Night Node,0,0,6
Night School Studio,0,0,2
Nihon Falcom,0,0,6
Nikita,0,0,1
Nimbly Games,0,1,5
"Nina Freeman,Emmett Butler,Decky Coss,Joni Kittaka",4,1,3
"Nina Freeman,Laura Knetzger,Stephen Lawrence Clark",1,0,1
Nine Dots Studio,0,0,1
Ninja Kiwi,1,2,9
Ninja Robot Dinosaur,0,0,1
Ninja Theory,4,3,13
Nival,2,1,2
No Brakes Games,1,0,1
No More Room in Hell Team,49,21,133
"Noah System,Mgame",1,0,0
Noble Empire Corp.,4,0,23
Nocturnal works,0,1,0
Noio,0,0,3
"Noio,Licorice",3,0,8
Nom Nom Games,1,0,3
Nomad Games,2,2,11
North of Earth,0,1,3
"Northway Games,Sarah Northway",0,0,2
NotGames,2,2,9
Noumena Studios,0,0,1
"Nova Dimension,Naga Entertainment",1,0,1
NovaLogic,0,0,1
Novel Tea Games,0,0,1
"Noviy Disk,Lesta Studios Inc",0,1,0
Numantian Games,0,0,1
Number None,1,0,6
Numinous Games,0,0,2
Nvizzio Creations,1,0,4
Nyamyam,0,0,1
OCCA Studios,0,0,1
"OCR Dev Team,Onur Uça",0,0,2
OVERDRIVE,1,1,12
OVERKILL - a Starbreeze Studio.,10,17,41
OVERKILL Software,14,11,73
Obsidian Entertainment,28,31,173
"Obsidian Entertainment,Aspyr (Mac, Linux, &amp; Windows Update)",1,0,11
Octoshark Studios,1,1,7
Oddworld Inhabitants,2,1,23
Odin Game Studio,0,1,8
Offworld Industries,8,1,17
OhNoo Studio,0,0,1
Old B1ood,1,0,1
Old School Games,1,1,7
"Olde Sküül,Sculptured Software",0,0,1
"Oleg Sergeev,Andrey Rumak,Do My Best",0,0,1
"Olli Harjola, Otto Hantula, Tom Jubert, Carlo Castellano",0,1,7
Omniconnection,1,1,1
On The Level Game Studios,0,0,1
Onson Soft,0,1,1
Oovee® Game Studios,6,2,24
Opus,0,1,8
"OrangeGames,YoudaGames",0,1,1
Orange_Juice,6,0,7
Orbital Knight,0,0,1
Oreol,0,0,1
Organic Humans,1,0,1
Orion Games,1,0,0
Orlyapps,0,0,4
Orthogonal Games,1,0,0
Oscar Brittain,0,1,1
Ostrich Banditos,1,0,4
Osumia Games,4,4,2
Other Ocean Interactive,0,0,1
Outerlight Ltd.,8,0,17
Outerminds Inc.,0,0,2
Over The Moon,3,0,5
Over the Top Games,0,0,3
Overhype Studios,0,0,1
Owl Cave,1,0,0
Owlchemy Labs,1,1,2
Oxeye Game Studio,0,1,2
Oxide Games,0,0,2
PERFECT PARALLEL,0,1,0
PIXOWL INC.,1,0,0
PIXYUL,0,0,1
Pandemic Studios,15,16,58
Panzer Gaming Studios,1,0,0
Paradox Development Studio,36,17,112
Parallaxian Pty Ltd,0,1,1
Passtech Games,0,0,1
Pathea Games,0,1,7
Paul Bird,0,0,1
Paul Fisch,2,1,8
Payload Studios,4,2,4
Peach Pie Productions,0,0,1
Peacock Dreams Games,0,0,1
Pencil Test Studios,1,0,0
PestoForce,1,0,1
Peter Brinson and Kurosh ValaNejad,0,0,1
Peter Moorhead,0,0,1
Petit Depotto,0,0,1
Petroglyph,1,0,6
Phenomenon Games,2,0,0
Phigames,0,0,2
Phoenix Game Studio,0,1,0
Phoenix Online Studios,0,0,1
Phosphor Games Studio,15,7,40
Photon Arena,0,0,1
Phr00t's Software,1,1,3
PiGravity,3,0,1
Pieces Interactive,2,0,3
"Pilgrim Adventures,GrabTheGames Studios",0,0,1
PillowPigGames,1,0,0
"Pinokl Games,Kverta",0,1,4
Pinterac,0,0,3
Pipeworks Studio,0,0,1
Piranha Bytes,1,0,4
Piranha Games Inc.,2,2,2
"Pirozhok Studio,Vitaliy Ruzankin",0,0,1
Pivotal Games,0,0,1
Pixbits,0,0,2
"Pixel Dash Studios, EQgames",1,1,5
Pixel Federation,0,0,1
Pixel Ferrets,0,0,4
PixelFade Inc,0,0,2
PixelTail Games,1,1,6
Pixeljam,1,1,1
PlatinumGames,4,4,19
PlayFlock,0,1,1
PlayWay S.A.,0,1,0
Playata GmbH,1,0,0
Playbrains,1,0,0
Playdead,4,1,17
Playsaurus,18,13,43
PlazSoft,0,0,1
Pocketwatch Games,5,6,26
Point Five Projects,0,1,0
Polar Motion,0,0,1
"PolarityFlow,Adrian Zingg",0,0,1
PolyKid,0,0,1
PolyPusher Studios,1,0,0
Polytron Corporation,1,2,25
"PopCap Games, Inc.",4,5,16
"PopTop Software,BreakAway Games,Frog City Software",1,0,0
Poppermost Productions,2,2,20
Portalarium,1,0,1
Positech Games,0,5,19
PostMod Softworks,0,0,2
Power of 2,1,1,12
Powerhoof,0,0,4
Praxia Entertainment Inc,0,0,1
Press Play,0,0,1
Pribuni,0,0,1
Primal,0,0,1
Priority Interrupt,0,0,5
Prism Game Studios Ltd.,3,2,19
ProjectorGames,4,1,3
Proton Studio Inc,2,1,12
Proxy Studios,0,0,1
Psychic Software,2,0,1
"Psyonix, Inc.",27,27,157
Puny Human,1,1,10
Puppygames,0,1,6
Pwnee Studios,0,0,1
Pyro Studios,3,0,4
QCF Design,0,1,1
QUICKTEQUILA,2,1,3
Qooc Software,1,0,1
Quantic Dream,1,0,0
Quantized Bit,0,0,1
Question,0,0,2
Quickfire Games,0,0,2
REMIMORY,1,0,2
REX,0,0,1
Racing Bros,1,0,3
"Radial Games Corp,Dejobaan Games, LLC",0,0,3
"Radial Games Corp,Loren Bednar,Dr. Kimberly Voll,Lindsay Jorgensen",0,0,5
Radiant Entertainment,0,0,8
Radical Entertainment,3,0,8
Radical Fish Games,0,0,4
RageSquid,0,0,1
Ragequit Corporation,6,1,6
Ragiva Games e.K.,0,0,1
Rail Slave Games,3,3,3
Rain Games,1,0,0
Rainbow Games,0,0,1
"Rainbow Studios,THQ Nordic",1,0,2
Rake in Grass,1,0,2
Raptor Claw Games,1,0,1
Ratloop Asia,2,0,1
"Raven Software,Aspyr (Mac)",5,1,9
Raven Travel Studios,0,0,1
Raylight Games,1,0,0
Razorworks,0,0,3
Re-Logic,60,42,428
Reactor Zero,0,0,1
Reakktor Studios,2,0,3
Reality Pump,1,0,3
Reality Pump Studios,1,1,5
Realmforge Studios,0,1,2
Rebellion,22,11,96
Recoil Games,1,0,4
Red Abyss Software,0,0,1
Red Barrels,24,4,40
Red Duck Inc.,4,2,3
Red Dwarf Games,0,1,4
Red Hook Studios,16,1,16
Red Nettle Studio,0,0,1
Red Storm Entertainment,0,0,2
Red Team Games,0,0,1
Red Thread Games,0,0,3
"RedLynx, in collaboration with  Ubisoft Shanghai, Ubisoft Kiev",0,0,4
Redlynx,0,0,1
"Redlynx Ltd,Ubisoft  Shanghaï",3,2,5
Redshift,0,0,1
Redwood Games,0,0,1
Reflect Studios,2,1,2
Reflextions,0,0,1
Reiza Studios,1,0,3
Relic,2,0,8
Relic Entertainment,5,6,35
"Relic Entertainment,Europe at War Development Team",0,1,0
"Relic Entertainment,Feral Interactive (Mac),Feral Interactive (Linux)",7,4,53
"Relic Entertainment,Feral Interactive (Mac/Linux)",5,5,11
"Relic Entertainment,THQ Nordic",0,0,1
Reloaded Productions,24,12,76
Remedy Entertainment,7,3,22
Renegade Kid,0,0,1
Reperio Studios,1,0,1
Replay Studios,0,1,1
Reto-Moto,49,19,131
Retro Army Limited,0,0,1
Retro Yeti Games,0,1,3
Retroism,0,1,0
Retronic Games,1,0,0
Reverie World Studios,1,0,6
Revolution Software Ltd,0,0,3
Rhaon Entertainment,0,1,0
Richard Seabrook,0,0,1
Rising Star Games,1,0,1
Rising Sun Interactive,0,0,1
Rival Games Ltd,0,0,1
Rob Howland,0,0,4
RobTop Games,11,5,48
Robot Entertainment,2,4,36
Robot Gentleman,2,0,2
Robotronic Games,1,1,6
Rocket Bear Games,1,0,4
"Rocketeer Games Studio, LLC",6,1,13
Rockstar Games,4,6,31
Rockstar New England,3,3,19
Rockstar North,42,30,153
Rockstar North / Toronto,1,0,6
Rockstar San Diego,0,0,1
Rockstar Studios,4,1,28
Rocksteady Studios,14,1,45
"Rocksteady Studios,Feral Interactive (Mac)",6,5,68
Rocktastic Games,0,0,1
"Rodeo Games,Twistplay",1,0,1
Rogue Factor,0,0,3
Rogue Snail,0,0,5
"Rogue Star,Boreal Sun,Spider,Deadman",0,1,0
Roll7,2,0,2
"Roll7,General Arcade",1,1,2
Ronimo Games,18,6,92
Room710Games,1,0,2
Rooster Teeth Games,3,1,15
Rootify,0,0,1
Rovio Entertainment Ltd,1,0,1
Rsupport Inc.,0,0,2
Rubycone,1,0,2
"Rudolf Kremers &amp; Alex May,Tuna",0,0,1
Rune Forge,1,0,1
Runic Games,6,7,60
Running With Scissors,25,12,39
"S Houben,N Tailor,A Barnett",1,0,1
S.C. 16 BIT NIGHTS S.R.L.,0,0,4
S2 Games,0,0,6
"S2 Games, LLC",0,0,2
SANDLOT,0,0,4
SCS Software,9,9,87
SDEnterNet,0,0,1
SEGA,8,3,27
"SEGA Studios Australia,Feral Interactive (Mac)",0,0,1
SFB Games,0,0,4
SMG Studio,0,0,3
SNK CORPORATION,1,0,2
"SNK CORPORATION,DotEmu",3,0,7
STRIKEWORKS,0,1,2
STUDIO RADI-8,1,1,4
SUPERHOT Team,4,1,21
Saber Interactive,0,0,3
"Sachonski,Renamilanesi,Sith",1,0,1
Sad Panda Studios,0,1,3
Sakari Indie &amp; GriN,0,0,1
Sakura River Interactive,0,0,3
Sam Atlas,0,0,1
Sam Barlow,0,0,1
"Sami Maaranen (creator),Erkka Lehmus (co-designer)",0,0,1
Samurai Punk,1,0,5
Sandlot Games,0,0,1
Sandswept Studios,1,1,2
Santa Ragione,0,1,1
Sapphire Dragon Productions,1,0,1
Satsu,0,0,1
Sauropod Studio,1,0,9
Scarlet String Studios,0,0,2
Scary Bee LLC,1,0,0
"Schine, GmbH",2,0,2
Scirra,0,0,1
Scott Cawthon,63,20,93
Screwfly Studios,1,0,0
Sean Davy,0,1,0
Sebastian Nigro,0,0,1
Secret Base,0,1,0
Secret Exit Ltd.,3,3,17
Section Studios,3,2,13
Sector3 Studios,7,0,10
SecureMix LLC,0,0,1
SeeThrough Studios,0,0,1
Semaphore,1,0,2
Senscape,1,0,5
Serellan LLC,0,0,1
Serenity Forge,0,0,1
Serious Brew,0,0,1
Shadow Planet Productions,1,0,0
Shark Punch,1,1,1
ShaunJS,1,0,0
Shawn Beck,0,1,0
Sherman3D,1,0,0
Shield Break Studios,0,0,3
Shifty Chair Games,0,0,1
Shining Gate Software,0,0,1
Shining Rock Software LLC,16,4,32
Shiny Entertainment,0,0,1
Shiro Games,3,1,7
Shiver Games,2,1,3
"Shokunin,Thomas M. Visser,Vincent Thiele",0,0,8
Shorebound Studios,0,0,1
Shortbreak Studios s.c.,1,3,3
Shumkov Dmitriy,6,5,27
Siege Games,0,0,1
Sigma Team Inc.,1,0,1
Signal Studios,0,0,1
"Signal Studios,Krome Studios",0,1,2
"Signal Studios,Smart Ghost",2,0,7
Silesia Games Sp. z o.o.,1,0,0
Silk Games,1,0,0
Silver Dollar Games,4,5,28
Silver Wish Games,1,0,0
"Silverlode Interactive,Wasatch Games",1,0,0
SimBin,0,0,3
Simogo,2,0,4
Simon Roth,0,1,1
SionoiS,1,0,0
Sixense,1,0,2
Sixteen Tons Entertainment,0,0,3
Ska Studios,1,0,3
Skatanic Studios,0,0,1
Sketchy Logic,0,0,1
Skobbejak Games,1,0,1
Sky Drake Studios,1,0,1
"SkyBox Labs,Big Huge Games",2,2,12
"SkyBox Labs,Forgotten Empires",2,0,1
SkyGoblin,0,2,0
"Skybox Labs,Hidden Path Entertainment,Ensemble Studios",11,10,55
Slant Six Games,1,0,1
"Sledgehammer Games,Raven Software",21,8,37
Sleepy Duck,0,0,1
Slightly Mad Studios,1,0,5
Sluggerfly,1,0,1
Smack Down Productions,0,0,1
Small Town Studios,1,0,0
Smartly Dressed Games,124,68,511
SmashGames,6,0,31
Smashball Labs LLC,1,0,0
Smoking WOLF,1,0,3
Smolders,0,0,1
Smudged Cat Games Ltd,1,1,1
Snails Animation,0,0,1
Snapshot Games Inc.,1,0,3
SnoutUp,2,3,9
Snowbird Games,0,0,2
Snowblind Studios,2,2,8
Soccer Manager Ltd,1,0,1
Social Loner Studios,0,0,1
SoftStar,0,0,1
"Soloweb Studios,Ravens Eye Studio",0,0,2
SomaSim,0,0,1
Sometimes You,1,1,0
Somi,1,1,0
Sonic Team,1,0,5
Sorath,3,0,4
Sos,0,1,10
Soul Forge,0,0,1
South East Games,2,1,11
Southend,0,0,1
Soviet Games,0,1,16
Space Boat Studios,1,0,1
Space Budgie,0,1,1
"Space Cat Studios,SnowFlame,Back To Basics Gaming",0,0,10
Spark Plug Games,1,0,1
Spark Unlimited,2,0,1
"Sparpweed,Codeglue",0,1,4
Spasman Games,1,0,12
Spearhead Games,0,0,5
Spectral Games,0,0,1
Spellbound Studios,0,1,0
Spicy Horse,0,0,1
Spicy Tails,1,1,1
Spicyhorse Games,0,0,2
Spiderling Studios,19,5,39
Spidermonk Entertainment,2,0,0
Spiders,1,0,1
Spiderweb Software,0,0,2
"Spike Chunsoft Co., Ltd.",1,0,1
"Spike Chunsoft Co., Ltd.,Abstraction Games",2,0,6
Splash Damage,26,10,102
Split Polygon,0,0,1
Spooky Squid Games Inc.,1,0,2
Sproing,0,0,1
Spry Fox LLC,0,1,0
Squad,15,16,84
Square Enix,10,5,69
Square Enix Montréal,1,0,0
"Square Enix,DotEmu SAS.",0,0,2
Stage 2 Studios,0,0,2
Stainless Games,2,1,15
Stainless Games Ltd,0,1,1
Stainless Games Ltd.,4,0,20
"Standing Stone Games, LLC",4,4,13
Star Gem Inc.,7,2,23
Star Maid Games,0,0,1
Star Vault AB,0,0,3
StarQuail Games,0,0,1
StarWraith 3D Games LLC,0,0,1
Starbreeze,2,0,3
Starbreeze Studios AB,5,2,27
Stardock Entertainment,2,0,12
State of Play Games,0,0,1
Stately Snail,0,0,2
Steel Monkeys,1,1,2
Stegersaurus Software Inc.,2,4,9
"Stellar Jockeys,Gausswerks",0,0,2
StephenAllen,0,0,1
Still Running,1,0,0
Stoic,1,0,9
Stolen Couch Games,0,0,1
Stone Blade Entertainment,0,0,1
Storybird,0,0,1
Stout Games,1,1,2
Straight Right,2,0,0
Strange Fire,0,0,5
Strange Loop Games,0,0,1
Strangely Interactive Ltd,0,1,0
Strategy First,1,0,1
Streum On Studio,4,3,6
Stridemann,3,4,14
Strike Games,1,0,1
Studio Bean,1,0,1
Studio Eres,1,0,0
Studio Fizbin,0,0,3
Studio Pixel,0,0,3
Studio Whisky Tango Inc.,0,0,1
"Studio Wildcard,Instinct Games,Efecto Studios,Virtual Basement LLC",68,27,160
StudioGIW,0,0,1
Stunlock Studios,0,0,1
Stygian Software,1,0,2
Subatomic Studios LLC,0,1,1
Subset Games,29,5,91
Subsoap,0,0,4
Subvert Games,0,0,1
Sumo Digital,3,7,15
Sun-Studios,0,0,1
Sundae Month,0,0,1
Sunlight Games,2,0,0
SuperVillain Studios,4,1,4
Supergiant Games,6,9,92
Supra Games,0,0,1
Suspicious Developments,5,5,55
Svajūnas Žemaitis,0,0,1
Sven Co-op Team,5,1,10
Sweet Dog Studios,0,1,1
Swing Swing Submarine,0,0,3
Switchblade Monkeys Entertainment,1,0,4
Synergy Team,0,4,14
"Syrin Studios,Small Impact Games",0,1,2
T3 Entertainment,1,0,0
TB Games,4,1,6
TERC,0,1,2
TML Studios,1,0,1
TML-Studios,0,0,2
TNT Team,0,1,0
"TT Fusion,Traveller's Tales,Feral Interactive (Mac)",0,1,5
TT Games,1,0,2
"TT Games Ltd,Feral Interactive (Mac)",1,1,8
"TT Games,Traveller's Tales",1,2,5
TURBOGUN,0,0,2
Talawa Games,0,0,1
Tale of Tales,1,1,0
TaleWorlds Entertainment,35,17,127
"TaleWorlds Entertainment,Flying Squirrel Entertainment",1,0,5
Tall Tail Studios,2,0,4
Tamsoft,0,0,2
Tango Gameworks,6,0,1
Targem Games,1,0,1
Tasharen Entertainment Inc.,0,1,5
Tasty Stewdios LLC,0,0,1
Tate Multimedia,0,0,2
Team 6 Studios,4,0,1
"Team Bondi,Rockstar Leeds",4,0,10
"Team Chaos, LLC",0,0,1
Team Chivalry,0,0,4
Team Eleven Eleven,0,1,3
Team Fractal Alligator,1,3,6
Team Indev,0,0,1
Team Jolly Roger,1,0,3
Team Meat,8,10,32
Team Murder,1,0,0
"Team NINJA,KOEI TECMO GAMES CO., LTD.",0,0,3
Team Psykskallar,33,12,36
Team Reptile,0,1,15
Team17 Digital Ltd,8,3,16
Team6 game studios B.V.,0,0,1
Techland,23,7,77
Technomancy Studios,1,0,3
Teeworlds Team,0,0,1
Telltale Games,72,35,344
"Tendershoot,A Jolly Corpse",0,0,1
Tennen-sozai,0,0,1
Teotl Studios,2,0,0
"Tequila Works, S.L.",3,1,11
Terri Vellmann,2,0,1
Terrible Posture Games,0,0,4
Terry Cavanagh,37,23,77
Tesseract Interactive,0,0,1
Test3 Projects,4,2,2
Teyon,1,0,0
The Astronauts,1,0,5
The Behemoth,25,24,186
The Binary Mill,0,0,1
The Chinese Room,3,0,6
The Creative Assembly,4,3,7
"The Creative Assembly,Feral Interactive (Mac)",4,1,10
"The Creative Assembly,Feral Interactive (Mac),Feral Interactive (Linux)",8,6,38
The Dept of Silly Stuff,0,1,0
The Farm 51,2,2,1
The Game Bakers,1,0,1
The Game Kitchen,0,0,1
The Glitch Factory,0,0,1
The Indie Stone,10,1,28
The Men Who Wear Many Hats,1,1,9
The Molasses Flood,0,0,2
The Odd Gentlemen,0,0,6
"The Quinnspiracy,Patrick Lindsey,Isaac Schankler",7,2,8
The Sims Studio,8,3,11
The Tambourine,0,0,1
The Working Parts,0,0,2
"Thekla, Inc.",0,0,2
Thomas Bowker,2,1,13
Thomas Happ Games LLC,0,0,1
Those Awesome Guys,0,0,5
Threaks,1,0,1
Three Rings,1,0,2
Thunder Lotus Games,0,0,1
TickTock Games,0,0,3
Tiger Style,0,0,1
Tigerish Games,1,0,3
"Tilted Mill Entertainment, Inc.",0,0,1
Tim Sullivan,0,0,2
TimeGate Studios,1,0,2
TimeSymmetry,4,0,0
Tin Man Games,1,0,2
Tindalos Interactive,2,0,2
Tlön Studios,0,0,1
"Tlön Studios,Ilex Games",1,0,2
ToMorning Productions,0,0,1
Toge Productions,0,0,2
Tokyo RPG Factory,0,0,1
Tom De Roeck,1,0,0
Tomasz Wacławek,1,0,2
"Tomi Maarela,Elias Viglione",6,3,8
Tomoaki Sugeno,0,0,1
Tomorrow Corporation,3,7,21
Topware Interactive,0,0,1
Torn Banner Studios,44,22,95
Totally Games,0,1,1
Touz,2,0,2
Transcendent Games,0,0,3
Transhuman Design,0,1,25
Trapdoor Inc.,0,0,1
Trashmasters,2,0,3
Trav Nash,1,1,0
Traveller's Tales,5,4,29
"Traveller's Tales,Feral Interactive (Mac)",2,0,11
"Traveller's Tales,TT Games,Feral Interactive (Mac)",1,0,3
Travian Games GmbH,0,1,1
TreeFortress Games,0,0,2
"Trek Industries, Inc",39,15,70
Trendy Entertainment,4,5,52
TrerPlay,2,0,0
Trese Brothers,0,0,1
Treyarch,54,37,184
Triangle Studios,0,0,2
Tribe Studios,3,1,2
Tribute Games Inc.,2,0,2
Trickstar Games,0,0,1
Trinoteam,1,0,0
Trion Worlds,16,16,111
"Trion Worlds, Inc.",8,2,24
"Triple-Star Studio,Rock Path Collective",0,0,1
Triple.B.Titles,0,0,1
TripleBrick,0,0,1
Tripwire Interactive,94,48,256
Triumph Studios,0,0,1
"Triumph Studios,Virtual Programming",2,0,2
Triverske,1,0,0
Troika Games,0,1,4
Tuesday Society,0,0,1
Tuomo Laine,0,0,1
Turbo Pixel Studios,0,0,2
Turbo Tape Games,1,0,0
"Turtle Cream,PokPoong Games",0,0,2
Turtle Rock Studios,16,9,50
Twice Circled,0,0,1
Twisted Pixel Games,0,0,1
Two Tribes,1,0,8
"Ty Taylor and Mario Castañeda,The Quantum Astrophysicists Guild",0,0,6
U-Play Online,1,0,4
U.S. Army,3,0,13
"UBIart Montpellier,Feral Interactive (Mac)",1,0,2
Uber Entertainment,4,6,30
Ubisoft,32,7,61
Ubisoft - San Francisco,1,0,14
Ubisoft Montpellier,12,0,25
Ubisoft Montreal,50,22,141
"Ubisoft Montreal, Massive Entertainment, and Ubisoft Shanghai",22,9,64
"Ubisoft Montreal, Red Storm, Shanghai, Toronto, Kiev",11,3,18
Ubisoft Montréal,3,0,8
"Ubisoft Paris,Red Storm Entertainment",2,0,1
"Ubisoft Quebec, in collaboration with Ubisoft Annecy, Bucharest, Kiev, Montreal, Montpellier, Shanghai, Singapore, Sofia, Toronto studios",0,1,2
Ubisoft Reflections,0,0,1
Ubisoft Romania,0,0,1
"Ubisoft Sofia,Ubisoft Kiev",0,0,4
Ubisoft Toronto,2,0,17
Ultra Runaway Games,0,0,1
Ultravision Interactive,0,0,1
Undead Labs,16,1,48
Unfinished Pixel,0,0,2
Unicorn Games Studio,0,0,1
Unigine LLC.,0,0,1
United Front Games,7,4,38
"United Front Games,Feral Interactive (Mac)",0,0,8
United Independent Entertainment GmbH,2,1,2
"United Independent Entertainment GmbH,Actalogic",0,0,1
Unknown Worlds Entertainment,8,2,22
Unwonted Studios,0,0,1
"Upper One Games,E-Line Media",1,0,1
Uppercut Games Pty Ltd,0,0,2
Urban Games,0,0,3
VIS - Visual Imagination Software,1,0,2
VIS Interactive,0,1,0
VStep,2,1,1
Vae Victis Games,1,0,4
Vagabond Dog,2,0,5
Valve,916,779,4701
Vanguard Games,1,0,0
"Vanguard Games,343 Industries",0,0,16
VaragtP,0,1,1
Varkian Empire,0,0,2
"Vblank Entertainment, Inc.",0,1,4
"Vectorpark, Inc.",0,0,1
Vertigo Gaming Inc.,1,3,7
Very Simple Idea Studios,0,0,1
Vicious Cycle Software,0,0,1
"Vicious Cycle Software, Inc.",1,0,1
Vigil Games,1,0,7
"Ville Mönkkönen,Anne Mönkkönen",0,0,1
Vine,1,0,2
"Virgin Interactive Entertainment,PriitK",0,0,1
"Virtual Basement LLC,Code Headquarters LLC",2,0,4
Virtual Racing Industries Ltd.,0,0,1
Visceral Games,1,0,2
Visual Concepts,7,1,7
"Visual Concepts,Yuke's",1,1,3
VisualArts/Key,2,0,4
"Viswanath Atlu,Laurie Banks,Rohan Bhukan,Nick Burnham,Avinash Kalapala,Yash Kapani,Katharine Marsh,Ankur Rathore,Hardit Singh,Anoop Nihar Srinivas,Ryan Guanyuhao Jiang,Robert Zhu",2,1,0
Vitali Kirpu,8,4,18
Vivid Games S.A.,0,0,1
Vladimir Maslov,0,0,2
Vlambeer,20,13,49
"Vlambeer,Croteam",0,1,1
Vogelsap,0,1,0
Volition,21,18,108
"Volition, Inc.",1,0,2
"Volition,Reactor Zero,THQ Nordic",6,2,6
VolumeUp Studios,0,0,1
Volumetric Games,0,0,1
Vortal Storm,4,0,4
Vostok Games,9,2,9
Voxler Games,0,0,1
WARTEAM,7,3,18
"WB Games Montreal,Splash Damage",8,3,41
WOLCEN Studio,0,0,1
WRF Studios,0,0,1
WZOGI,1,0,0
Wadjet Eye Games,0,1,0
Wales Interactive,0,1,0
Walter Machado,1,0,2
Wanako Games,1,0,0
WarfareSims,0,0,1
Warlock Wireless,0,0,1
WayForward,1,0,4
"WayForward,Abstraction Games",0,0,4
WeMade,3,0,5
Weappy Studio,1,0,2
WhiteMoon Dreams,0,0,1
Wholetone Games,1,2,0
Wild Games Studio,4,1,4
Wild Shadow Studios,36,13,112
WildTangent,0,0,1
Wildgrass,0,0,1
Windybeard,0,0,1
Winter Wolves,0,0,4
"Wisdom Tree, Inc.",0,0,1
Witch Beam,0,0,3
With The Love Studios,0,0,1
Wizarbox,1,0,3
Wolfire Games,5,3,31
"World-Loom,Nitreal",0,0,1
Wube Software LTD.,6,1,25
Wyrmbyte,2,1,1
X-Bow Software,0,0,1
X-Legend,2,2,15
"X1 Software,AWAR",1,0,1
XGen Studios,0,0,1
XLGAMES,4,1,9
XYLA Entertainment,1,0,2
"Xavi Canal, Ben Palgi",1,1,2
Xaviant,2,0,6
Xtal Sword,1,0,2
YFC games,0,0,2
"YOTSUBANE,Adventure Planning Service",0,1,0
Yacht Club Games,2,2,11
Yager Development,23,8,49
Yakiniku Banzai,0,0,2
YeaBoing,1,0,0
Yeti Trunk,0,0,1
Young Horses,4,3,16
Yume Creations,0,0,1
Z4G0 and Ivan Venturi Productions,0,0,1
Zachtronics,1,4,10
ZackBellGames,1,0,2
Zandel Media,0,0,1
Zanrai Interactive,0,0,1
Zaratustra Productions,0,0,2
"Zaxis Games,B-evil",0,0,1
Zeboyd Games,1,0,4
Zeiva Inc,1,0,5
Zen Studios,0,0,2
Zenimax Online Studios,4,3,22
Zero Point Software,1,4,24
Zero Sum Games,4,0,2
Zeroscale,0,1,1
Zinertek,0,0,1
Zombie Panic Team,3,2,12
Zombie Studios,2,0,1
Zoo Corporation,0,0,2
Zootfly,0,0,2
Zoë Mode,0,1,1
"Zykov Eddy,Xitilon",0,1,1
[OneManBand],0,0,1
app2fun,1,0,0
b-Alive,1,0,0
b-alive gmbh,0,0,1
bitHuffel,0,0,1
candyrocketstudio,1,0,0
cupholder,0,1,0
d3t,1,0,0
doublesix,0,0,1
electrolyte,0,1,1
erobotan,0,0,1
exosyphen studios,0,0,2
"gord10,Aslan Game Studio",2,0,0
id Software,27,13,92
inXile Entertainment,1,0,7
increpare games,1,0,1
isTom Games Kft.,0,2,0
kChamp Games,3,1,3
kunst-stoff GmbH,0,0,1
marbenx,4,8,11
minori,1,0,2
momoStorm Entertainment,1,0,0
nFusion Interactive,1,0,0
neko.works,1,0,0
ninjalex,1,0,2
oddonegames,1,0,1
practicing01,0,1,0
rdt.32,0,0,4
roseVeRte,0,1,0
souvenir circ.,1,0,0
sparsevector,5,2,7
stage-nana,3,1,8
stillalive studios,0,0,2
storm_sharks,1,0,0
the whale husband,3,2,7
tinyBuild,1,0,2
tobyfox,36,11,137
treeform,0,0,3
vikingfabian.com,1,0,1
webgames,0,0,1
△○□× (Miwashiba),0,0,5
"インレ,Inre",2,2,1
橘子班,1,0,1
"高考恋爱委员会,橘子班",0,0,1
